,NAME,MEMBERS
0,NYC,196227
1,Seattle,174478
2,LosAngeles,165432
3,Chicago,160732
4,Austin,146721
5,Portland,139972
6,SanFrancisco,137723
7,Boston,134162
8,Houston,132998
9,Atlanta,118570
10,Philadelphia,114199
11,Denver,113338
12,SeattleWa,103420
13,Dallas,93039
14,WashingtonDC,87856
15,SanDiego,87145
16,Pittsburgh,67386
17,Phoenix,65370
18,Minneapolis,55519
19,Orlando,52588
20,Nashville,50995
21,StLouis,46800
22,SaltLakeCity,46643
23,Columbus,46600
24,Raleigh,45983
25,NewOrleans,44641
26,Tampa,44396
27,KansasCity,44353
28,rva,43801
29,Charlotte,43364
30,Baltimore,41306
31,Detroit,40586
32,Vegas,38741
33,Indianapolis,37478
34,Cincinnati,36868
35,Miami,36746
36,Boulder,36191
37,Sacramento,34749
38,MadisonWi,34238
39,SanAntonio,32544
40,Cleveland,30116
41,Milwaukee,26615
42,Louisville,24896
43,Chattanooga,24425
44,LasVegas,23644
45,Buffalo,21511
46,Tucson,20799
47,Rochester,19934
48,FortWorth,17169
49,Albuquerque,17061
50,Charleston,16196
51,Tulsa,15722
52,Memphis,15594
53,Jacksonville,15588
54,Knoxville,14289
55,Albany,11128
56,bullcity,10428
57,DesMoines,10232
